{"cameraMode":{"drawMode":0,"name":"Shaded","section":"Shading Mode"},"sceneLighting":true,"audioPlay":false,"sceneViewState":{"showFog":false,"showMaterialUpdate":true,"showSkybox":true,"showFlares":true,"showImageEffects":true,"showParticleSystems":true},"in2DMode":false,"pivot":{"x":122.4256362915039,"y":-46.76105880737305,"z":188.01853942871095},"rotation":{"x":-0.10115238279104233,"y":-0.2704314887523651,"z":0.028591329231858255,"w":-0.956999659538269},"size":121.11082458496094,"orthographic":false}